userName,password,firstName,lastName,addr1,addr2,pass1,creditCardNum,expCard,host,port
UserName001,1234,FirstName001,LastName001,place001,SomePlace001,pass001,1222 5666 9932 1222,01 23,localhost,1080
UserName002,5678,FirstName002,LastName002,place002,SomePlace002,pass002,1216 5661 0392 1216,04 27,localhost,1080
UserName003,10122,FirstName003,LastName003,place003,SomePlace003,pass003,1210 5655 0852 1210,02 23,localhost,1080
UserName004,14566,FirstName004,LastName004,place004,SomePlace004,pass004,1204 5649 1312 1204,05 27,localhost,1080
UserName005,19010,FirstName005,LastName005,place005,SomePlace005,pass005,1198 5643 1772 1263,03 23,localhost,1080
UserName006,23454,FirstName006,LastName006,place006,SomePlace006,pass006,1192 5637 2232 1267,06 27,localhost,1080
UserName007,27898,FirstName007,LastName007,place007,SomePlace007,pass007,1186 5631 2692 1215,04 23,localhost,1080
UserName008,32342,FirstName008,LastName008,place008,SomePlace008,pass008,1180 5625 3152 4829,07 27,localhost,1080
UserName009,36786,FirstName009,LastName009,place009,SomePlace009,pass009,1174 5619 3612 5272,05 23,localhost,1080
UserName010,41230,FirstName010,LastName010,place010,SomePlace010,pass010,1168 5613 4072 8252,08 27,localhost,1080
UserName011,45674,FirstName011,LastName011,place011,SomePlace011,pass011,1162 5607 4532 2242,06 23,localhost,1080
UserName012,50118,FirstName012,LastName012,place012,SomePlace012,pass012,1156 5601 4992 7282,09 27,localhost,1080
UserName013,54562,FirstName013,LastName013,place013,SomePlace013,pass013,1150 5595 5452 9552,07 23,localhost,1080
UserName014,59006,FirstName014,LastName014,place014,SomePlace014,pass014,1144 5589 5912 4252,10 27,localhost,1080
UserName015,63450,FirstName015,LastName015,place015,SomePlace015,pass015,1138 5583 6372 5662,12 23,localhost,1080
UserName016,67894,FirstName016,LastName016,place016,SomePlace016,pass016,1132 5577 6832 3662,11 27,localhost,1080
UserName017,72338,FirstName017,LastName017,place017,SomePlace017,pass017,1126 5571 7292 3232,09 23,localhost,1080
UserName018,76782,FirstName018,LastName018,place018,SomePlace018,pass018,1120 5565 7752 6722,12 27,localhost,1080
UserName019,81226,FirstName019,LastName019,place019,SomePlace019,pass019,1114 5559 8212 3622,10 23,localhost,1080
UserName020,85670,FirstName020,LastName020,place020,SomePlace020,pass020,1108 5553 8672 6892,02 27,localhost,1080
UserName021,90114,FirstName021,LastName021,place021,SomePlace021,pass021,1114 5559 8212 5559,12 27,localhost,1080
UserName022,94558,FirstName022,LastName022,place022,SomePlace022,pass022,1108 5553 8672 5553,10 23,localhost,1080
UserName023,99002,FirstName023,LastName023,place023,SomePlace023,pass023,1102 5547 9132 5547,11 27,localhost,1080
UserName024,103446,FirstName024,LastName024,place024,SomePlace024,pass024,1096 5541 9592 5541,11 23,localhost,1080
UserName025,107890,FirstName025,LastName025,place025,SomePlace025,pass025,1090 5536 0052 5536,09 27,localhost,1080
UserName026,112334,FirstName026,LastName026,place026,SomePlace026,pass026,1084 5530 0512 5530,04 27,localhost,1080
UserName027,116778,FirstName027,LastName027,place027,SomePlace027,pass027,1078 5524 0972 5524,11 23,localhost,1080
UserName028,121222,FirstName028,LastName028,place028,SomePlace028,pass028,1072 5518 1432 5518,05 27,localhost,1080
UserName029,125666,FirstName029,LastName029,place029,SomePlace029,pass029,1066 5512 1892 5512,12 23,localhost,1080
UserName030,130110,FirstName030,LastName030,place030,SomePlace030,pass030,1060 5506 2352 5506,02 27,localhost,1080
UserName031,134554,FirstName031,LastName031,place031,SomePlace031,pass031,1054 5500 2812 5500,06 27,localhost,1080
UserName032,138998,FirstName032,LastName032,place032,SomePlace032,pass032,1048 5494 3272 5494,12 23,localhost,1080
UserName033,143442,FirstName033,LastName033,place033,SomePlace033,pass033,1042 5488 3732 5488,05 27,localhost,1080
UserName034,147886,FirstName034,LastName034,place034,SomePlace034,pass034,1036 5482 4192 5482,13 23,localhost,1080
UserName035,152330,FirstName035,LastName035,place035,SomePlace035,pass035,1030 5476 4652 5476,03 27,localhost,1080
UserName036,156774,FirstName036,LastName036,place036,SomePlace036,pass036,1024 5470 5112 5470,01 27,localhost,1080
UserName037,161218,FirstName037,LastName037,place037,SomePlace037,pass037,1018 5464 5572 5464,03 23,localhost,1080
UserName038,165662,FirstName038,LastName038,place038,SomePlace038,pass038,1012 5458 6032 5458,06 27,localhost,1080
UserName039,170106,FirstName039,LastName039,place039,SomePlace039,pass039,1006 5452 6492 5452,04 23,localhost,1080
UserName040,174550,FirstName040,LastName040,place040,SomePlace040,pass040,1000 5446 6952 5446,07 27,localhost,1080
UserName041,178994,FirstName041,LastName041,place041,SomePlace041,pass041,1994 5440 7412 5440,10 27,localhost,1080
UserName042,183438,FirstName042,LastName042,place042,SomePlace042,pass042,1988 5434 7872 5434,04 23,localhost,1080
UserName043,187882,FirstName043,LastName043,place043,SomePlace043,pass043,1982 5428 8332 5428,02 27,localhost,1080
UserName044,192326,FirstName044,LastName044,place044,SomePlace044,pass044,1976 5422 8792 5422,05 23,localhost,1080
UserName045,196770,FirstName045,LastName045,place045,SomePlace045,pass045,1970 5416 9252 5416,08 27,localhost,1080
UserName046,201214,FirstName046,LastName046,place046,SomePlace046,pass046,1964 5410 9712 5410,10 27,localhost,1080
UserName047,205658,FirstName047,LastName047,place047,SomePlace047,pass047,1958 5405 0172 5405,11 23,localhost,1080
UserName048,210102,FirstName048,LastName048,place048,SomePlace048,pass048,1952 5399 0632 5399,12 27,localhost,1080
UserName049,214546,FirstName049,LastName049,place049,SomePlace049,pass049,1946 5393 1092 5393,05 23,localhost,1080
UserName050,218990,FirstName050,LastName050,place050,SomePlace050,pass050,1940 5387 1552 5387,09 27,localhost,1080
UserName051,205658,FirstName051,LastName051,place051,SomePlace051,pass051,1222 5666 9932 1222,01 23,localhost,1080
UserName052,210102,FirstName052,LastName052,place052,SomePlace052,pass052,1216 5661 0392 1216,04 27,localhost,1080
UserName053,214546,FirstName053,LastName053,place053,SomePlace053,pass053,1210 5655 0852 1210,02 23,localhost,1080
UserName054,218990,FirstName054,LastName054,place054,SomePlace054,pass054,1204 5649 1312 1204,05 27,localhost,1080
UserName055,223434,FirstName055,LastName055,place055,SomePlace055,pass055,1198 5643 1772 1263,03 23,localhost,1080
UserName056,227878,FirstName056,LastName056,place056,SomePlace056,pass056,1192 5637 2232 1267,06 27,localhost,1080
UserName057,232322,FirstName057,LastName057,place057,SomePlace057,pass057,1186 5631 2692 1215,04 23,localhost,1080
UserName058,236766,FirstName058,LastName058,place058,SomePlace058,pass058,1180 5625 3152 4829,07 27,localhost,1080
UserName059,241210,FirstName059,LastName059,place059,SomePlace059,pass059,1174 5619 3612 5272,05 23,localhost,1080
UserName060,245654,FirstName060,LastName060,place060,SomePlace060,pass060,1168 5613 4072 8252,08 27,localhost,1080
UserName061,250098,FirstName061,LastName061,place061,SomePlace061,pass061,1162 5607 4532 2242,06 23,localhost,1080
UserName062,254542,FirstName062,LastName062,place062,SomePlace062,pass062,1156 5601 4992 7282,09 27,localhost,1080
UserName063,258986,FirstName063,LastName063,place063,SomePlace063,pass063,1150 5595 5452 9552,07 23,localhost,1080
UserName064,263430,FirstName064,LastName064,place064,SomePlace064,pass064,1144 5589 5912 4252,10 27,localhost,1080
UserName065,267874,FirstName065,LastName065,place065,SomePlace065,pass065,1138 5583 6372 5662,12 23,localhost,1080
UserName066,272318,FirstName066,LastName066,place066,SomePlace066,pass066,1132 5577 6832 3662,11 27,localhost,1080
UserName067,276762,FirstName067,LastName067,place067,SomePlace067,pass067,1126 5571 7292 3232,09 23,localhost,1080
UserName068,281206,FirstName068,LastName068,place068,SomePlace068,pass068,1120 5565 7752 6722,12 27,localhost,1080
UserName069,285650,FirstName069,LastName069,place069,SomePlace069,pass069,1114 5559 8212 3622,10 23,localhost,1080
UserName070,290094,FirstName070,LastName070,place070,SomePlace070,pass070,1108 5553 8672 6892,02 27,localhost,1080
UserName071,294538,FirstName071,LastName071,place071,SomePlace071,pass071,1114 5559 8212 5559,12 27,localhost,1080
UserName072,298982,FirstName072,LastName072,place072,SomePlace072,pass072,1108 5553 8672 5553,10 23,localhost,1080
UserName073,303426,FirstName073,LastName073,place073,SomePlace073,pass073,1102 5547 9132 5547,11 27,localhost,1080
UserName074,307870,FirstName074,LastName074,place074,SomePlace074,pass074,1096 5541 9592 5541,11 23,localhost,1080
UserName075,312314,FirstName075,LastName075,place075,SomePlace075,pass075,1090 5536 0052 5536,09 27,localhost,1080
UserName076,316758,FirstName076,LastName076,place076,SomePlace076,pass076,1084 5530 0512 5530,04 27,localhost,1080
UserName077,321202,FirstName077,LastName077,place077,SomePlace077,pass077,1078 5524 0972 5524,11 23,localhost,1080
UserName078,325646,FirstName078,LastName078,place078,SomePlace078,pass078,1072 5518 1432 5518,05 27,localhost,1080
UserName079,330090,FirstName079,LastName079,place079,SomePlace079,pass079,1066 5512 1892 5512,12 23,localhost,1080
UserName080,334534,FirstName080,LastName080,place080,SomePlace080,pass080,1060 5506 2352 5506,02 27,localhost,1080
UserName081,338978,FirstName081,LastName081,place081,SomePlace081,pass081,1054 5500 2812 5500,06 27,localhost,1080
UserName082,343422,FirstName082,LastName082,place082,SomePlace082,pass082,1048 5494 3272 5494,12 23,localhost,1080
UserName083,338978,FirstName083,LastName083,place083,SomePlace083,place083,1210 5655 0852 1210,02 23,localhost,1080
UserName084,343422,FirstName084,LastName084,place084,SomePlace084,place084,1204 5649 1312 1204,05 27,localhost,1080
UserName085,347866,FirstName085,LastName085,place085,SomePlace085,place085,1198 5643 1772 1263,03 23,localhost,1080
UserName086,352310,FirstName086,LastName086,place086,SomePlace086,place086,1192 5637 2232 1267,06 27,localhost,1080
UserName087,356754,FirstName087,LastName087,place087,SomePlace087,place087,1186 5631 2692 1215,04 23,localhost,1080
UserName088,361198,FirstName088,LastName088,place088,SomePlace088,place088,1180 5625 3152 4829,07 27,localhost,1080
UserName089,365642,FirstName089,LastName089,place089,SomePlace089,place089,1174 5619 3612 5272,05 23,localhost,1080
UserName090,370086,FirstName090,LastName090,place090,SomePlace090,place090,1168 5613 4072 8252,08 27,localhost,1080
UserName091,374530,FirstName091,LastName091,place091,SomePlace091,place091,1162 5607 4532 2242,06 23,localhost,1080
UserName092,378974,FirstName092,LastName092,place092,SomePlace092,place092,1156 5601 4992 7282,09 27,localhost,1080
UserName093,383418,FirstName093,LastName093,place093,SomePlace093,place093,1150 5595 5452 9552,07 23,localhost,1080
UserName094,387862,FirstName094,LastName094,place094,SomePlace094,place094,1144 5589 5912 4252,10 27,localhost,1080
UserName095,392306,FirstName095,LastName095,place095,SomePlace095,place095,1138 5583 6372 5662,12 23,localhost,1080
UserName096,396750,FirstName096,LastName096,place096,SomePlace096,place096,1132 5577 6832 3662,11 27,localhost,1080
UserName097,401194,FirstName097,LastName097,place097,SomePlace097,place097,1126 5571 7292 3232,09 23,localhost,1080
UserName098,405638,FirstName098,LastName098,place098,SomePlace098,place098,1120 5565 7752 6722,12 27,localhost,1080
UserName099,410082,FirstName099,LastName099,place099,SomePlace099,place099,1114 5559 8212 3622,10 23,localhost,1080
UserName100,414526,FirstName100,LastName100,place100,SomePlace100,place100,1108 5553 8672 6892,02 27,localhost,1080
UserName101,418970,FirstName101,LastName101,place101,SomePlace101,place101,1114 5559 8212 5559,12 27,localhost,1080
UserName102,423414,FirstName102,LastName102,place102,SomePlace102,place102,1108 5553 8672 5553,10 23,localhost,1080
UserName103,427858,FirstName103,LastName103,place103,SomePlace103,place103,1970 5416 9252 5416,08 27,localhost,1080
UserName104,432302,FirstName104,LastName104,place104,SomePlace104,place104,1964 5410 9712 5410,10 27,localhost,1080
UserName105,436746,FirstName105,LastName105,place105,SomePlace105,place105,1958 5405 0172 5405,11 23,localhost,1080
UserName106,441190,FirstName106,LastName106,place106,SomePlace106,place106,1952 5399 0632 5399,12 27,localhost,1080
UserName107,445634,FirstName107,LastName107,place107,SomePlace107,place107,1946 5393 1092 5393,05 23,localhost,1080
UserName108,450078,FirstName108,LastName108,place108,SomePlace108,place108,1940 5387 1552 5387,09 27,localhost,1080
UserName109,454522,FirstName109,LastName109,place109,SomePlace109,place109,1222 5666 9932 1222,01 23,localhost,1080
UserName110,458966,FirstName110,LastName110,place110,SomePlace110,place110,1216 5661 0392 1216,04 27,localhost,1080
UserName111,463410,FirstName111,LastName111,place111,SomePlace111,place111,1210 5655 0852 1210,02 23,localhost,1080
UserName112,467854,FirstName112,LastName112,place112,SomePlace112,place112,1204 5649 1312 1204,05 27,localhost,1080
UserName113,472298,FirstName113,LastName113,place113,SomePlace113,place113,1198 5643 1772 1263,03 23,localhost,1080
UserName114,476742,FirstName114,LastName114,place114,SomePlace114,place114,1192 5637 2232 1267,06 27,localhost,1080
UserName115,481186,FirstName115,LastName115,place115,SomePlace115,place115,1186 5631 2692 1215,04 23,localhost,1080
UserName116,485630,FirstName116,LastName116,place116,SomePlace116,place116,1180 5625 3152 4829,07 27,localhost,1080
UserName117,490074,FirstName117,LastName117,place117,SomePlace117,place117,1174 5619 3612 5272,05 23,localhost,1080
UserName118,494518,FirstName118,LastName118,place118,SomePlace118,place118,1168 5613 4072 8252,08 27,localhost,1080
UserName119,498962,FirstName119,LastName119,place119,SomePlace119,place119,1162 5607 4532 2242,06 23,localhost,1080
UserName120,503406,FirstName120,LastName120,place120,SomePlace120,place120,1156 5601 4992 7282,09 27,localhost,1080
UserName121,507850,FirstName121,LastName121,place121,SomePlace121,place121,1150 5595 5452 9552,07 23,localhost,1080
UserName122,512294,FirstName122,LastName122,place122,SomePlace122,place122,1144 5589 5912 4252,10 27,localhost,1080
UserName123,516738,FirstName123,LastName123,place123,SomePlace123,place123,1138 5583 6372 5662,12 23,localhost,1080
UserName124,521182,FirstName124,LastName124,place124,SomePlace124,place124,1132 5577 6832 3662,11 27,localhost,1080
UserName125,525626,FirstName125,LastName125,place125,SomePlace125,place125,1126 5571 7292 3232,09 23,localhost,1080
UserName126,530070,FirstName126,LastName126,place126,SomePlace126,place126,1120 5565 7752 6722,12 27,localhost,1080
UserName127,534514,FirstName127,LastName127,place127,SomePlace127,place127,1114 5559 8212 3622,10 23,localhost,1080
UserName128,538958,FirstName128,LastName128,place128,SomePlace128,place128,1108 5553 8672 6892,02 27,localhost,1080
UserName129,543402,FirstName129,LastName129,place129,SomePlace129,place129,1114 5559 8212 5559,12 27,localhost,1080
UserName130,547846,FirstName130,LastName130,place130,SomePlace130,place130,1108 5553 8672 5553,10 23,localhost,1080
UserName131,552290,FirstName131,LastName131,place131,SomePlace131,place131,1102 5547 9132 5547,11 27,localhost,1080
UserName132,556734,FirstName132,LastName132,place132,SomePlace132,place132,1096 5541 9592 5541,11 23,localhost,1080
UserName133,561178,FirstName133,LastName133,place133,SomePlace133,place133,1090 5536 0052 5536,09 27,localhost,1080
UserName134,565622,FirstName134,LastName134,place134,SomePlace134,place134,1084 5530 0512 5530,04 27,localhost,1080
UserName135,570066,FirstName135,LastName135,place135,SomePlace135,place135,1078 5524 0972 5524,11 23,localhost,1080
UserName136,574510,FirstName136,LastName136,place136,SomePlace136,place136,1072 5518 1432 5518,05 27,localhost,1080
UserName137,578954,FirstName137,LastName137,place137,SomePlace137,place137,1066 5512 1892 5512,12 23,localhost,1080
UserName138,583398,FirstName138,LastName138,place138,SomePlace138,place138,1060 5506 2352 5506,02 27,localhost,1080
UserName139,587842,FirstName139,LastName139,place139,SomePlace139,place139,1054 5500 2812 5500,06 27,localhost,1080
UserName140,592286,FirstName140,LastName140,place140,SomePlace140,place140,1048 5494 3272 5494,12 23,localhost,1080
UserName141,596730,FirstName141,LastName141,place141,SomePlace141,place141,1096 5541 9592 5541,11 23,localhost,1080
UserName142,601174,FirstName142,LastName142,place142,SomePlace142,place142,1090 5536 0052 5536,09 27,localhost,1080
UserName143,605618,FirstName143,LastName143,place143,SomePlace143,place143,1084 5530 0512 5530,04 27,localhost,1080
UserName144,610062,FirstName144,LastName144,place144,SomePlace144,place144,1078 5524 0972 5524,11 23,localhost,1080
UserName145,614506,FirstName145,LastName145,place145,SomePlace145,place145,1072 5518 1432 5518,05 27,localhost,1080
UserName146,618950,FirstName146,LastName146,place146,SomePlace146,place146,1066 5512 1892 5512,12 23,localhost,1080
UserName147,623394,FirstName147,LastName147,place147,SomePlace147,place147,1060 5506 2352 5506,02 27,localhost,1080
UserName148,627838,FirstName148,LastName148,place148,SomePlace148,place148,1054 5500 2812 5500,06 27,localhost,1080
UserName149,632282,FirstName149,LastName149,place149,SomePlace149,place149,1048 5494 3272 5494,12 23,localhost,1080
UserName150,636726,FirstName150,LastName150,place150,SomePlace150,place150,1042 5488 3732 5488,05 27,localhost,1080
UserName151,641170,FirstName151,LastName151,place151,SomePlace151,place151,1036 5482 4192 5482,13 23,localhost,1080
UserName152,645614,FirstName152,LastName152,place152,SomePlace152,place152,1030 5476 4652 5476,03 27,localhost,1080
UserName153,650058,FirstName153,LastName153,place153,SomePlace153,place153,1024 5470 5112 5470,01 27,localhost,1080
UserName154,654502,FirstName154,LastName154,place154,SomePlace154,place154,1018 5464 5572 5464,03 23,localhost,1080
UserName155,658946,FirstName155,LastName155,place155,SomePlace155,place155,1012 5458 6032 5458,06 27,localhost,1080
UserName156,663390,FirstName156,LastName156,place156,SomePlace156,place156,1006 5452 6492 5452,04 23,localhost,1080
UserName157,667834,FirstName157,LastName157,place157,SomePlace157,place157,1000 5446 6952 5446,07 27,localhost,1080
UserName158,672278,FirstName158,LastName158,place158,SomePlace158,place158,1994 5440 7412 5440,10 27,localhost,1080
UserName159,676722,FirstName159,LastName159,place159,SomePlace159,place159,1988 5434 7872 5434,04 23,localhost,1080
UserName160,681166,FirstName160,LastName160,place160,SomePlace160,place160,1982 5428 8332 5428,02 27,localhost,1080
UserName161,685610,FirstName161,LastName161,place161,SomePlace161,place161,1976 5422 8792 5422,05 23,localhost,1080
UserName162,690054,FirstName162,LastName162,place162,SomePlace162,place162,1970 5416 9252 5416,08 27,localhost,1080
UserName163,694498,FirstName163,LastName163,place163,SomePlace163,place163,1964 5410 9712 5410,10 27,localhost,1080
UserName164,698942,FirstName164,LastName164,place164,SomePlace164,place164,1958 5405 0172 5405,11 23,localhost,1080
UserName165,703386,FirstName165,LastName165,place165,SomePlace165,place165,1952 5399 0632 5399,12 27,localhost,1080
UserName166,707830,FirstName166,LastName166,place166,SomePlace166,place166,1946 5393 1092 5393,05 23,localhost,1080
UserName167,712274,FirstName167,LastName167,place167,SomePlace167,place167,1940 5387 1552 5387,09 27,localhost,1080
UserName168,716718,FirstName168,LastName168,place168,SomePlace168,place168,1222 5666 9932 1222,01 23,localhost,1080
UserName169,721162,FirstName169,LastName169,place169,SomePlace169,place169,1216 5661 0392 1216,04 27,localhost,1080
UserName170,725606,FirstName170,LastName170,place170,SomePlace170,place170,1210 5655 0852 1210,02 23,localhost,1080
UserName171,730050,FirstName171,LastName171,place171,SomePlace171,place171,1204 5649 1312 1204,05 27,localhost,1080
UserName172,734494,FirstName172,LastName172,place172,SomePlace172,place172,1198 5643 1772 1263,03 23,localhost,1080
UserName173,738938,FirstName173,LastName173,place173,SomePlace173,place173,1192 5637 2232 1267,06 27,localhost,1080
UserName174,743382,FirstName174,LastName174,place174,SomePlace174,place174,1186 5631 2692 1215,04 23,localhost,1080
UserName175,747826,FirstName175,LastName175,place175,SomePlace175,place175,1180 5625 3152 4829,07 27,localhost,1080
UserName176,752270,FirstName176,LastName176,place176,SomePlace176,place176,1174 5619 3612 5272,05 23,localhost,1080
UserName177,756714,FirstName177,LastName177,place177,SomePlace177,place177,1168 5613 4072 8252,08 27,localhost,1080
UserName178,761158,FirstName178,LastName178,place178,SomePlace178,place178,1162 5607 4532 2242,06 23,localhost,1080
UserName179,765602,FirstName179,LastName179,place179,SomePlace179,place179,1156 5601 4992 7282,09 27,localhost,1080
UserName180,770046,FirstName180,LastName180,place180,SomePlace180,place180,1150 5595 5452 9552,07 23,localhost,1080
UserName181,774490,FirstName181,LastName181,place181,SomePlace181,place181,1144 5589 5912 4252,10 27,localhost,1080
UserName182,778934,FirstName182,LastName182,place182,SomePlace182,place182,1138 5583 6372 5662,12 23,localhost,1080
UserName183,783378,FirstName183,LastName183,place183,SomePlace183,place183,1132 5577 6832 3662,11 27,localhost,1080
UserName184,787822,FirstName184,LastName184,place184,SomePlace184,place184,1126 5571 7292 3232,09 23,localhost,1080
UserName185,792266,FirstName185,LastName185,place185,SomePlace185,place185,1120 5565 7752 6722,12 27,localhost,1080
UserName186,796710,FirstName186,LastName186,place186,SomePlace186,place186,1114 5559 8212 3622,10 23,localhost,1080
UserName187,801154,FirstName187,LastName187,place187,SomePlace187,place187,1108 5553 8672 6892,02 27,localhost,1080
UserName188,805598,FirstName188,LastName188,place188,SomePlace188,place188,1114 5559 8212 5559,12 27,localhost,1080
UserName189,810042,FirstName189,LastName189,place189,SomePlace189,place189,1108 5553 8672 5553,10 23,localhost,1080
UserName190,814486,FirstName190,LastName190,place190,SomePlace190,place190,1102 5547 9132 5547,11 27,localhost,1080
UserName191,818930,FirstName191,LastName191,place191,SomePlace191,place191,1096 5541 9592 5541,11 23,localhost,1080
UserName192,823374,FirstName192,LastName192,place192,SomePlace192,place192,1090 5536 0052 5536,09 27,localhost,1080
UserName193,827818,FirstName193,LastName193,place193,SomePlace193,place193,1084 5530 0512 5530,04 27,localhost,1080
UserName194,832262,FirstName194,LastName194,place194,SomePlace194,place194,1078 5524 0972 5524,11 23,localhost,1080
UserName195,836706,FirstName195,LastName195,place195,SomePlace195,place195,1072 5518 1432 5518,05 27,localhost,1080
UserName196,841150,FirstName196,LastName196,place196,SomePlace196,place196,1066 5512 1892 5512,12 23,localhost,1080
UserName197,845594,FirstName197,LastName197,place197,SomePlace197,place197,1060 5506 2352 5506,02 27,localhost,1080
UserName198,850038,FirstName198,LastName198,place198,SomePlace198,place198,1054 5500 2812 5500,06 27,localhost,1080
UserName199,854482,FirstName199,LastName199,place199,SomePlace199,place199,1048 5494 3272 5494,12 23,localhost,1080
UserName200,858926,FirstName200,LastName200,place200,SomePlace200,place200,1222 5666 9932 1222,01 23,localhost,1080
